app_du,observed_minutes,coverage_ratio,imputed_ratio,mean_active_container_count,mean_service_cpu_used_cores_proxy,peak_service_cpu_used_cores_proxy,global_minute_start,global_minute_end,global_span_minutes,selected_containers,mean_container_request_cores,median_container_request_cores,mean_container_mem_size,usage_rows_scanned,matched_container_minute_rows,max_seen_container_id
app_3073,11201,0.9723090277777777,0.02769097222222222,12.878472222222221,1.61355005787037,5.32,1440,12959,11520,159,4.0,4.0,1.56,59700000,887997,70501
app_1063,11199,0.9721354166666667,0.027864583333333335,9.711892361111111,26.600729166666664,93.0,1440,12959,11520,129,8.0,8.0,3.13,59700000,887997,70501
app_512,11199,0.9721354166666667,0.027864583333333335,8.813975694444444,7.821172164351851,28.12,1440,12959,11520,106,4.0,4.0,1.56,59700000,887997,70501
app_565,11199,0.9721354166666667,0.027864583333333335,11.429253472222221,8.447068865740741,37.96,1440,12959,11520,147,4.0,4.0,1.56,59700000,887997,70501
app_3641,11196,0.971875,0.028125,10.852690972222222,2.6197459490740744,15.879999999999999,1440,12959,11520,155,4.0,4.0,1.56,59700000,887997,70501
app_2241,11195,0.9717881944444444,0.028211805555555556,10.317795138888888,10.81736284722222,36.76,1440,12959,11520,125,4.0,4.0,1.56,59700000,887997,70501
app_6658,11194,0.9717013888888889,0.02829861111111111,8.447222222222223,12.37700347222222,50.64,1440,12959,11520,109,8.0,8.0,3.1300000000000003,59700000,887997,70501
app_1826,11102,0.9637152777777778,0.036284722222222225,5.046788194444445,1.7327870370370368,37.28,1440,12959,11520,103,8.0,8.0,3.13,59700000,887997,70501
