policy_name,service_count,sla_violation_mean,over_provisioning_mean,under_provisioning_mean,scaling_actions_mean,average_capacity_mean
lagged_tracking_service,10,0.48461538461538456,6.594395895933431,7.063171829927808,1659.3,138.51075171274016
qlr_predictive_service,10,0.022776442307692307,59.61285733891983,0.7099979325013172,403.8,197.88238705315305
reactive_service,10,0.015324519230769232,56.09007446915039,0.4629041466346179,300.6,176.47893349358927
