model_name,horizon,service_count,mae_mean,mae_std,rmse_mean,mape_mean,p50_coverage_mean,p90_raw_coverage_mean,p90_guarded_coverage_mean,raw_crossing_count_sum,guarded_crossing_count_sum,fit_eval_ms_mean
quantile_linear_regression,1,10,21.19235988660665,28.09765054561182,37.32301077933904,0.05054760884091745,0.49232613908872896,0.909652278177458,0.9106115107913668,84,0,18855.93503000009
quantile_linear_regression,5,10,34.08258769463886,45.27229254955956,63.917003372632465,0.07065564147707908,0.48173076923076924,0.8970552884615385,0.8978966346153847,68,0,18841.241779999928
quantile_linear_regression,10,10,41.94879355572976,57.28139665342313,76.67002243388923,0.07981605821716531,0.47474382157926465,0.8871609403254974,0.8880650994575046,54,0,18055.60813000002
