horizon,gap_to_entity_specific_linear_mean,gap_to_entity_specific_linear_std
1,0.30075321898444457,0.5782360351976865
5,0.8072598698984971,1.5262538306421591
10,0.682255182228559,1.208242099287458
