app_du,horizon,p50_coverage,p90_coverage,interval_width
app_141,1,0.49460431654676257,0.920263788968825,37.58418824018409
app_141,5,0.4891826923076923,0.9116586538461539,42.40079855874282
app_141,10,0.49969861362266427,0.8890898131404461,44.62517348880122
app_7876,1,0.3920863309352518,0.8609112709832134,19.736486651469928
app_7876,5,0.4176682692307692,0.8545673076923077,48.459894147089656
app_7876,10,0.38637733574442434,0.8583484026522001,53.53892125138652
