sla_violation,over_provisioning,scaling_actions
0.0012019230769231,5.63370868874814,124.5
