split_column,split_label,split_threshold,group_label,services,sla_delta_mean,over_delta_mean,actions_delta_mean
mean_load,Mean load,343.5770066550926,high,69,0.010991499442586388,-0.799845188250247,45.3768115942029
mean_load,Mean load,343.5770066550926,low,70,0.016663804945054924,-4.440104729785438,254.0142857142857
burstiness,Burstiness,1.5036305557546459,high,69,0.022671056298773674,4.969918539753252,82.17391304347827
burstiness,Burstiness,1.5036305557546459,low,70,0.005151098901098892,-10.127443261674602,217.74285714285713
lag1_autocorrelation,Lag-1 autocorr.,0.9871287036874765,high,69,0.025536510590858402,-5.731492632039109,94.98550724637681
lag1_autocorrelation,Lag-1 autocorr.,0.9871287036874765,low,70,0.002326579670329652,0.4210906076635837,205.11428571428573
imputed_ratio,Imputation ratio,0.02734375,high,69,0.018081103678929754,0.1054205105031557,144.66666666666666
imputed_ratio,Imputation ratio,0.02734375,low,70,0.009675480769230752,-5.332438061413792,156.14285714285714
