regime,model_name,sample_count,mae,rmse
stable,Random forest,540,3.6783934800867804,4.96431797123256
moderate,Random forest,538,3.7518975479588774,4.820328178352736
bursty,Random forest,540,4.353963071995348,5.864696311229437
stable,UA-MSTCN-Lite,540,3.8242693427106973,5.198397862112624
moderate,UA-MSTCN-Lite,538,3.731320469388127,4.8459961007486525
bursty,UA-MSTCN-Lite,540,4.402035210163906,5.821217573897025
