variant_name,sla_violation,over_provisioning,under_provisioning,scaling_actions,average_capacity
predictive_full,0.034610630407911,0.14096132922943064,0.00129205225641398,589,0.6098051735654556
no_scale_out_margin,0.11372064276885044,0.08927571002242957,0.0043344319819064794,589,0.555077174632962
no_cooldown,0.11186650185414092,0.1004564783019254,0.005185445478467979,1617,0.5654069294158964
median_only,0.3337453646477132,0.03480066148770136,0.017199531891215442,359,0.4877370261889249
no_scale_in_guard,0.03522867737948084,0.1409509588371471,0.0012987250973222205,589,0.6097881303322639
